club_name,event_attending,event_date,event_day
,,2019-05-15,Wed
,,2019-05-15,Wed
://about blank,93,2019-05-15,Wed
Schwuz,87,2019-05-15,Wed
Griessmuehle,83,2019-05-15,Wed
Paloma,72,2019-05-15,Wed
Watergate,62,2019-05-15,Wed
OHM,62,2019-05-15,Wed
Farbfernseher,35,2019-05-15,Wed
Tresor,32,2019-05-15,Wed
AVA Club,26,2019-05-15,Wed
Berghain | Panorama Bar | Säule,23,2019-05-15,Wed
Minimal Bar,22,2019-05-15,Wed
Süss War Gestern,20,2019-05-15,Wed
Crack Bellmer,16,2019-05-15,Wed
Club der Visionaere,10,2019-05-15,Wed
arkaoda Berlin,9,2019-05-15,Wed
Berghain | Panorama Bar | Säule,7,2019-05-15,Wed
KitKatClub,7,2019-05-15,Wed
Festsaal Kreuzberg,3,2019-05-15,Wed
Solar,2,2019-05-15,Wed
Loophole,2,2019-05-15,Wed
Promenaden Eck,2,2019-05-15,Wed
Maze,2,2019-05-15,Wed
Der Weiße Hase,2,2019-05-15,Wed
Cassiopeia,1,2019-05-15,Wed
Insomnia,1,2019-05-15,Wed
Klunkerkranich,1,2019-05-15,Wed
,,2019-05-22,Wed
,,2019-05-22,Wed
Watergate,150,2019-05-22,Wed
://about blank,108,2019-05-22,Wed
Griessmuehle,74,2019-05-22,Wed
Tresor,38,2019-05-22,Wed
AVA Club,23,2019-05-22,Wed
Süss War Gestern,19,2019-05-22,Wed
Minimal Bar,19,2019-05-22,Wed
Farbfernseher,16,2019-05-22,Wed
Funkhaus Berlin,12,2019-05-22,Wed
Club der Visionaere,8,2019-05-22,Wed
Monarch,8,2019-05-22,Wed
Panke,4,2019-05-22,Wed
KitKatClub,3,2019-05-22,Wed
Promenaden Eck,3,2019-05-22,Wed
Solar,2,2019-05-22,Wed
Yaam Berlin,2,2019-05-22,Wed
Nirgendwo,2,2019-05-22,Wed
Cassiopeia,1,2019-05-22,Wed
Ausland,1,2019-05-22,Wed
Motif Wein,1,2019-05-22,Wed
Insomnia,1,2019-05-22,Wed
Panke,1,2019-05-22,Wed
,,2019-05-18,Sat
,,2019-05-18,Sat
Insel Lindwerder,1051,2019-05-18,Sat
Griessmuehle,545,2019-05-18,Sat
Wendel,1,2019-05-22,Wed
Loophole,,2019-05-22,Wed
,,2019-05-20,Mon
,,2019-05-20,Mon
KitKatClub,31,2019-05-20,Mon
Tresor,28,2019-05-20,Mon
Der Weiße Hase,25,2019-05-20,Mon
Berghain | Panorama Bar | Säule,167,2019-05-18,Sat
[ipsə],156,2019-05-18,Sat
Polygon Club,135,2019-05-18,Sat
Osthafen,112,2019-05-18,Sat
Burg Schnabel,105,2019-05-18,Sat
://about blank,102,2019-05-18,Sat
Suicide Circus,91,2019-05-18,Sat
Farbfernseher,72,2019-05-18,Sat
,,2019-05-21,Tue
,,2019-05-21,Tue
Suicide Circus,89,2019-05-21,Tue
Mein Haus Am See,31,2019-05-21,Tue
Void Club,29,2019-05-21,Tue
Minimal Bar,28,2019-05-21,Tue
Club der Visionaere,16,2019-05-21,Tue
Crack Bellmer,22,2019-05-20,Mon
[ipsə],19,2019-05-20,Mon
Minimal Bar,16,2019-05-20,Mon
Funkhaus Berlin,12,2019-05-20,Mon
Club der Visionaere,7,2019-05-20,Mon
Süss War Gestern,4,2019-05-20,Mon
Promenaden Eck,4,2019-05-20,Mon
arkaoda Berlin,1,2019-05-20,Mon
,1,2019-05-20,Mon
Kater Blau,70,2019-05-18,Sat
Salon Zur Wilden Renate,55,2019-05-18,Sat
Tresor,49,2019-05-18,Sat
Ritter Butzke,46,2019-05-18,Sat
ORWO Haus,33,2019-05-18,Sat
Bi Nuu,29,2019-05-18,Sat
AVA Club,28,2019-05-18,Sat
OHM,28,2019-05-18,Sat
Watergate,26,2019-05-18,Sat
,,2019-05-16,Thu
,,2019-05-16,Thu
Salon Zur Wilden Renate,129,2019-05-16,Thu
://about blank,117,2019-05-16,Thu
Süss War Gestern,15,2019-05-21,Tue
Promenaden Eck,14,2019-05-21,Tue
Funkhaus Berlin,12,2019-05-21,Tue
Humboldthain Club,6,2019-05-21,Tue
Klunkerkranich,4,2019-05-21,Tue
Cassiopeia,2,2019-05-21,Tue
Maze,1,2019-05-21,Tue
,,2019-05-19,Sun
,,2019-05-19,Sun
Griessmuehle,545,2019-05-19,Sun
Else,263,2019-05-19,Sun
Berghain | Panorama Bar | Säule,167,2019-05-19,Sun
,,2019-05-17,Fri
,,2019-05-17,Fri
Griessmuehle,545,2019-05-17,Fri
Ritter Butzke,168,2019-05-17,Fri
Paloma,19,2019-05-18,Sat
Urban Spree,18,2019-05-18,Sat
Minimal Bar,17,2019-05-18,Sat
Der Weiße Hase,17,2019-05-18,Sat
Crack Bellmer,17,2019-05-18,Sat
Sisyphos,15,2019-05-18,Sat
Void Club,13,2019-05-18,Sat
Cosmic Kaspar,12,2019-05-18,Sat
Griessmuehle,50,2019-05-16,Thu
Berghain | Panorama Bar | Säule,47,2019-05-16,Thu
Paloma,47,2019-05-16,Thu
OHM,46,2019-05-16,Thu
Klunkerkranich,26,2019-05-16,Thu
Berghain | Panorama Bar | Säule,23,2019-05-16,Thu
Minimal Bar,22,2019-05-16,Thu
Watergate,19,2019-05-16,Thu
Club der Visionaere,18,2019-05-16,Thu
Zu Mir Oder Zu Dir,17,2019-05-16,Thu
Polygon Club,135,2019-05-19,Sun
://about blank,102,2019-05-19,Sun
Suicide Circus,84,2019-05-19,Sun
Kater Blau,70,2019-05-19,Sun
://about blank,43,2019-05-19,Sun
Osthafen,39,2019-05-19,Sun
Hoppetosse,19,2019-05-19,Sun
Minimal Bar,18,2019-05-19,Sun
Der Weiße Hase,17,2019-05-19,Sun
Sisyphos,15,2019-05-19,Sun
Birgit,134,2019-05-17,Fri
Salon Zur Wilden Renate,129,2019-05-17,Fri
Gretchen,102,2019-05-17,Fri
://about blank,102,2019-05-17,Fri
Berta Berlin,72,2019-05-17,Fri
Maze,70,2019-05-17,Fri
Salon Zur Wilden Renate,66,2019-05-17,Fri
Suicide Circus,54,2019-05-17,Fri
Sisyphos,12,2019-05-18,Sat
,11,2019-05-18,Sat
Sameheads,10,2019-05-18,Sat
Paloma,8,2019-05-18,Sat
KitKatClub,7,2019-05-18,Sat
Loophole,7,2019-05-18,Sat
Mensch Meier,6,2019-05-18,Sat
arkaoda Berlin,6,2019-05-18,Sat
Farbfernseher,17,2019-05-16,Thu
Golden Gate,14,2019-05-16,Thu
,14,2019-05-16,Thu
Crack Bellmer,12,2019-05-16,Thu
Der Weiße Hase,11,2019-05-16,Thu
Void Club,7,2019-05-16,Thu
Humboldthain Club,6,2019-05-16,Thu
AVA Club,5,2019-05-16,Thu
Gretchen,4,2019-05-16,Thu
Berta Berlin,4,2019-05-16,Thu
Burg Schnabel,13,2019-05-19,Sun
Club der Visionaere,12,2019-05-19,Sun
,11,2019-05-19,Sun
AVA Club,7,2019-05-19,Sun
Ritter Butzke,4,2019-05-19,Sun
Badeschiff,4,2019-05-19,Sun
Klunkerkranich,3,2019-05-19,Sun
Promenaden Eck,3,2019-05-19,Sun
KitKatClub,3,2019-05-19,Sun
Mensch Meier,50,2019-05-17,Fri
Tresor,49,2019-05-17,Fri
Kater Blau,41,2019-05-17,Fri
Berghain | Panorama Bar | Säule,40,2019-05-17,Fri
OHM,37,2019-05-17,Fri
Anita Berber,23,2019-05-17,Fri
Fitzroy,23,2019-05-17,Fri
Diskothek Melancholie 2,20,2019-05-17,Fri
Watergate,18,2019-05-17,Fri
Acud Macht NEU,5,2019-05-18,Sat
,4,2019-05-18,Sat
Kulturhaus Kili,4,2019-05-18,Sat
Zur Klappe,4,2019-05-18,Sat
Badeschiff,4,2019-05-18,Sat
Golden Gate,3,2019-05-18,Sat
,3,2019-05-18,Sat
Club der Visionaere,3,2019-05-18,Sat
Promenaden Eck,3,2019-05-18,Sat
Süss War Gestern,3,2019-05-16,Thu
Sameheads,3,2019-05-16,Thu
Promenaden Eck,2,2019-05-16,Thu
"25hours Hotel Bikini Berlin, 3. Etage",1,2019-05-16,Thu
Loophole,1,2019-05-16,Thu
Yaam Berlin,2,2019-05-19,Sun
KitKatClub,2,2019-05-19,Sun
Insomnia,2,2019-05-19,Sun
Ficken 3000,1,2019-05-19,Sun
Cassiopeia,1,2019-05-19,Sun
Maze,1,2019-05-19,Sun
,1,2019-05-19,Sun
Minimal Bar,17,2019-05-17,Fri
Humboldthain Club,16,2019-05-17,Fri
Crack Bellmer,15,2019-05-17,Fri
Sisyphos,15,2019-05-17,Fri
Zur Klappe,14,2019-05-17,Fri
Salon Zur Wilden Renate,14,2019-05-17,Fri
Club der Visionaere,13,2019-05-17,Fri
Der Weiße Hase,11,2019-05-17,Fri
Minimal Bar,2,2019-05-18,Sat
Yaam Berlin,2,2019-05-18,Sat
Staatsoper Berlin,2,2019-05-18,Sat
Beate Uwe,2,2019-05-18,Sat
Chausseestrasse 131,2,2019-05-18,Sat
Fitzroy,2,2019-05-18,Sat
Süss War Gestern,2,2019-05-18,Sat
Klunkerkranich,1,2019-05-19,Sun
Beate Uwe,1,2019-05-19,Sun
,11,2019-05-17,Fri
Paloma,10,2019-05-17,Fri
AVA Club,7,2019-05-17,Fri
Sound Metaphors,7,2019-05-17,Fri
Void Club,7,2019-05-17,Fri
Golden Gate,6,2019-05-17,Fri
Kulturhaus Kili,6,2019-05-17,Fri
Paloma,6,2019-05-17,Fri
Maze,2,2019-05-18,Sat
Wildenbruch Bar,2,2019-05-18,Sat
Insomnia,1,2019-05-18,Sat
Solar,1,2019-05-18,Sat
,1,2019-05-18,Sat
Ficken 3000,5,2019-05-17,Fri
Bohnengold,5,2019-05-17,Fri
Beate Uwe,5,2019-05-17,Fri
,4,2019-05-17,Fri
Soda Club,1,2019-05-18,Sat
Astro Bar,1,2019-05-18,Sat
Klunkerkranich,1,2019-05-18,Sat
Keith Bar,1,2019-05-18,Sat
Volksbühne,3,2019-05-17,Fri
Polygon Club,3,2019-05-17,Fri
Staatsoper Berlin,3,2019-05-17,Fri
Farbfernseher,3,2019-05-17,Fri
Süss War Gestern,3,2019-05-17,Fri
Promenaden Eck,3,2019-05-17,Fri
Solar,2,2019-05-17,Fri
Frannz Club,2,2019-05-17,Fri
KitKatClub,2,2019-05-17,Fri
arkaoda Berlin,2,2019-05-17,Fri
Yaam Berlin,1,2019-05-17,Fri
Insomnia,1,2019-05-17,Fri
Soda Club,1,2019-05-17,Fri
Loophole,1,2019-05-17,Fri
Astro Bar,1,2019-05-17,Fri
House of Gin,1,2019-05-17,Fri
,,2019-05-23,Thu
,,2019-05-23,Thu
Prince Charles,238,2019-05-23,Thu
Club der Visionaere,79,2019-05-23,Thu
Griessmuehle,69,2019-05-23,Thu
://about blank,49,2019-05-23,Thu
Berghain | Panorama Bar | Säule,38,2019-05-23,Thu
arkaoda Berlin,36,2019-05-23,Thu
OHM,31,2019-05-23,Thu
Else,25,2019-05-23,Thu
Watergate,24,2019-05-23,Thu
Astra Kulturhaus,20,2019-05-23,Thu
Zu Mir Oder Zu Dir,20,2019-05-23,Thu
Der Weiße Hase,20,2019-05-23,Thu
Minimal Bar,16,2019-05-23,Thu
Funkhaus Berlin,12,2019-05-23,Thu
Paloma,12,2019-05-23,Thu
Crack Bellmer,12,2019-05-23,Thu
Void Club,8,2019-05-23,Thu
Farbfernseher,7,2019-05-23,Thu
AVA Club,6,2019-05-23,Thu
Diskothek Melancholie 2,4,2019-05-23,Thu
Panke,4,2019-05-23,Thu
Golden Gate,3,2019-05-23,Thu
Süss War Gestern,3,2019-05-23,Thu
Repeat,3,2019-05-23,Thu
Yaam Berlin,2,2019-05-23,Thu
Solar,2,2019-05-23,Thu
Promenaden Eck,2,2019-05-23,Thu
So36,1,2019-05-23,Thu
Eschschloraque,1,2019-05-23,Thu
Astro Bar,1,2019-05-23,Thu
Promenaden Eck,1,2019-05-23,Thu
,1,2019-05-23,Thu
,,2019-05-25,Sat
,,2019-05-25,Sat
,,2019-05-24,Fri
,,2019-05-24,Fri
Anomalie Art Club,226,2019-05-24,Fri
[ipsə],357,2019-05-25,Sat
Suicide Circus,234,2019-05-25,Sat
Anomalie Art Club,226,2019-05-25,Sat
Griessmuehle,223,2019-05-25,Sat
Berghain | Panorama Bar | Säule,153,2019-05-25,Sat
Ritter Butzke,119,2019-05-25,Sat
Birgit,96,2019-05-25,Sat
://about blank,95,2019-05-25,Sat
Ritter Butzke,155,2019-05-24,Fri
Griessmuehle,115,2019-05-24,Fri
://about blank,104,2019-05-24,Fri
Birgit,96,2019-05-24,Fri
Salon Zur Wilden Renate,77,2019-05-24,Fri
Hoppetosse,64,2019-05-24,Fri
Suicide Circus,63,2019-05-24,Fri
Osthafen,80,2019-05-25,Sat
,72,2019-05-25,Sat
Hoppetosse,64,2019-05-25,Sat
Elsenbrücke,61,2019-05-25,Sat
Kater Blau,48,2019-05-25,Sat
Salon Zur Wilden Renate,46,2019-05-25,Sat
://about blank,39,2019-05-25,Sat
,35,2019-05-25,Sat
Kantine am Berghain,59,2019-05-24,Fri
Tresor,52,2019-05-24,Fri
Kater Blau,51,2019-05-24,Fri
Berghain | Panorama Bar | Säule,39,2019-05-24,Fri
Watergate,36,2019-05-24,Fri
OHM,35,2019-05-24,Fri
Diskothek Melancholie 2,31,2019-05-24,Fri
Untertage Berlin,24,2019-05-24,Fri
Farbfernseher,35,2019-05-25,Sat
Watergate,34,2019-05-25,Sat
Tresor,31,2019-05-25,Sat
AVA Club,26,2019-05-25,Sat
OHM,22,2019-05-25,Sat
Minimal Bar,14,2019-05-25,Sat
KitKatClub,14,2019-05-25,Sat
Der Weiße Hase,13,2019-05-25,Sat
,,2019-05-26,Sun
,,2019-05-26,Sun
Else,352,2019-05-26,Sun
Loftus Hall,20,2019-05-24,Fri
Yaam Berlin,19,2019-05-24,Fri
Paloma,18,2019-05-24,Fri
KitKatClub,17,2019-05-24,Fri
Crack Bellmer,16,2019-05-24,Fri
Minimal Bar,15,2019-05-24,Fri
Burg Schnabel,14,2019-05-24,Fri
Zur Klappe,11,2019-05-24,Fri
Panke,10,2019-05-24,Fri
Crack Bellmer,13,2019-05-25,Sat
Gretchen,12,2019-05-25,Sat
Void Club,12,2019-05-25,Sat
Polygon Club,12,2019-05-25,Sat
Club der Visionaere,11,2019-05-25,Sat
Mensch Meier,11,2019-05-25,Sat
Repeat,10,2019-05-25,Sat
Paloma,7,2019-05-25,Sat
Humboldthain Club,7,2019-05-25,Sat
Sage Beach Berlin,244,2019-05-26,Sun
,223,2019-05-26,Sun
Griessmuehle,223,2019-05-26,Sun
Berghain | Panorama Bar | Säule,153,2019-05-26,Sun
Suicide Circus,60,2019-05-26,Sun
Kater Blau,48,2019-05-26,Sun
://about blank,39,2019-05-26,Sun
Farbfernseher,35,2019-05-26,Sun
Hoppetosse,28,2019-05-26,Sun
AVA Club,18,2019-05-26,Sun
Club der Visionaere,18,2019-05-26,Sun
Savvy Contemporary,14,2019-05-26,Sun
Mensch Meier,10,2019-05-24,Fri
Void Club,10,2019-05-24,Fri
Farbfernseher,9,2019-05-24,Fri
Anita Berber,8,2019-05-24,Fri
Club der Visionaere,8,2019-05-24,Fri
Golden Gate,8,2019-05-24,Fri
AVA Club,7,2019-05-24,Fri
Ordinär,7,2019-05-24,Fri
Repeat,6,2019-05-24,Fri
,,2019-05-27,Mon
,,2019-05-27,Mon
Kater Blau,48,2019-05-27,Mon
KitKatClub,37,2019-05-27,Mon
Tresor,29,2019-05-27,Mon
[ipsə],25,2019-05-27,Mon
Der Weiße Hase,24,2019-05-27,Mon
,,2019-05-28,Tue
,,2019-05-28,Tue
Suicide Circus,111,2019-05-28,Tue
Minimal Bar,26,2019-05-28,Tue
Süss War Gestern,26,2019-05-28,Tue
Mein Haus Am See,25,2019-05-28,Tue
Beate Uwe,6,2019-05-25,Sat
Anita Berber,6,2019-05-25,Sat
Freudenzimmer II,5,2019-05-25,Sat
Diskothek Melancholie 2,5,2019-05-25,Sat
Kantine am Berghain,4,2019-05-25,Sat
Insomnia,3,2019-05-25,Sat
Golden Gate,3,2019-05-25,Sat
arkaoda Berlin,3,2019-05-25,Sat
KitKatClub,11,2019-05-26,Sun
Promenaden Eck,3,2019-05-26,Sun
Cassiopeia,2,2019-05-26,Sun
KitKatClub,2,2019-05-26,Sun
Ritter Butzke,2,2019-05-26,Sun
Maze,1,2019-05-26,Sun
Ficken 3000,1,2019-05-26,Sun
Beate Uwe,1,2019-05-26,Sun
Teufelsberg,1,2019-05-26,Sun
Trauma Bar und Kino,5,2019-05-24,Fri
Der Weiße Hase,5,2019-05-24,Fri
Bohnengold,4,2019-05-24,Fri
Acud Macht NEU,4,2019-05-24,Fri
Staatsoper Berlin,3,2019-05-24,Fri
Promenaden Eck,3,2019-05-24,Fri
Eschschloraque,2,2019-05-24,Fri
Ficken 3000,2,2019-05-24,Fri
,,2019-05-30,Thu
,,2019-05-30,Thu
Salon Zur Wilden Renate,428,2019-05-30,Thu
Griessmuehle,240,2019-05-30,Thu
[ipsə],150,2019-05-30,Thu
Crack Bellmer,18,2019-05-27,Mon
Minimal Bar,15,2019-05-27,Mon
Süss War Gestern,4,2019-05-27,Mon
Club der Visionaere,4,2019-05-27,Mon
Promenaden Eck,2,2019-05-27,Mon
Promenaden Eck,23,2019-05-28,Tue
Crack Bellmer,23,2019-05-28,Tue
Void Club,22,2019-05-28,Tue
Yaam Berlin,9,2019-05-28,Tue
Club der Visionaere,8,2019-05-28,Tue
Gretchen,4,2019-05-28,Tue
Maze,2,2019-05-28,Tue
Studio dB,2,2019-05-28,Tue
Cassiopeia,1,2019-05-28,Tue
Insomnia,1,2019-05-28,Tue
Paloma,3,2019-05-25,Sat
Promenaden Eck,3,2019-05-25,Sat
Maze,2,2019-05-25,Sat
,2,2019-05-25,Sat
Panke,2,2019-05-25,Sat
Hangar 49,1,2019-05-25,Sat
House of Gin,1,2019-05-25,Sat
,,2019-05-29,Wed
,,2019-05-29,Wed
Griessmuehle,240,2019-05-29,Wed
M-Bia,2,2019-05-24,Fri
arkaoda Berlin,2,2019-05-24,Fri
Motif Wein,2,2019-05-24,Fri
Kulturhaus Kili,2,2019-05-24,Fri
Insomnia,1,2019-05-24,Fri
Soda Club,1,2019-05-24,Fri
Das Hotel,1,2019-05-24,Fri
BASE MENT,1,2019-05-24,Fri
Süss War Gestern,1,2019-05-24,Fri
Birgit,100,2019-05-30,Thu
Watergate,77,2019-05-30,Thu
Griessmuehle,50,2019-05-30,Thu
Club der Visionaere,45,2019-05-30,Thu
Berghain | Panorama Bar | Säule,38,2019-05-30,Thu
M-Bia,36,2019-05-30,Thu
://about blank,28,2019-05-30,Thu
Säälchen,23,2019-05-30,Thu
OHM,22,2019-05-30,Thu
Savvy Contemporary,1,2019-05-25,Sat
Loophole,1,2019-05-25,Sat
Soda Club,1,2019-05-25,Sat
Süss War Gestern,1,2019-05-25,Sat
Astro Bar,1,2019-05-25,Sat
Marla Records,1,2019-05-25,Sat
,1,2019-05-25,Sat
Teufelsberg,1,2019-05-25,Sat
Polygon Club,176,2019-05-29,Wed
Prince Charles,87,2019-05-29,Wed
Birgit,71,2019-05-29,Wed
Tresor,69,2019-05-29,Wed
Watergate,69,2019-05-29,Wed
Beate Uwe,57,2019-05-29,Wed
OHM,54,2019-05-29,Wed
Hoppetosse,53,2019-05-29,Wed
Süss War Gestern,52,2019-05-29,Wed
Luzia,1,2019-05-24,Fri
Yaam Berlin,1,2019-05-24,Fri
Sisyfass,1,2019-05-24,Fri
House of Gin,1,2019-05-24,Fri
Der Weiße Hase,22,2019-05-30,Thu
Else,19,2019-05-30,Thu
Zu Mir Oder Zu Dir,17,2019-05-30,Thu
Minimal Bar,16,2019-05-30,Thu
Monarch,16,2019-05-30,Thu
Mensch Meier,15,2019-05-30,Thu
AVA Club,12,2019-05-30,Thu
Paloma,10,2019-05-30,Thu
Crack Bellmer,10,2019-05-30,Thu
Zwei Drei Raum,6,2019-05-30,Thu
Void Club,6,2019-05-30,Thu
Eschschloraque,,2019-05-25,Sat
Gretchen,45,2019-05-29,Wed
://about blank,43,2019-05-29,Wed
Berghain | Panorama Bar | Säule,37,2019-05-29,Wed
M-Bia,36,2019-05-29,Wed
AVA Club,36,2019-05-29,Wed
Minimal Bar,17,2019-05-29,Wed
SAE Institute,16,2019-05-29,Wed
Maze,13,2019-05-29,Wed
Mensch Meier,12,2019-05-29,Wed
Void Club,11,2019-05-29,Wed
Paloma,10,2019-05-29,Wed
Solar,4,2019-05-30,Thu
Festsaal Kreuzberg,3,2019-05-30,Thu
,3,2019-05-30,Thu
Golden Gate,3,2019-05-30,Thu
Eschschloraque,2,2019-05-30,Thu
Loophole,2,2019-05-30,Thu
Süss War Gestern,2,2019-05-30,Thu
Beate Uwe,2,2019-05-30,Thu
Panke,1,2019-05-30,Thu
Crack Bellmer,9,2019-05-29,Wed
Humboldthain Club,9,2019-05-29,Wed
,9,2019-05-29,Wed
Club der Visionaere,8,2019-05-29,Wed
Golden Gate,7,2019-05-29,Wed
Paloma,7,2019-05-29,Wed
KitKatClub,6,2019-05-29,Wed
Sameheads,4,2019-05-29,Wed
Badehaus Berlin,3,2019-05-29,Wed
Hangar 49,1,2019-05-30,Thu
Maze,1,2019-05-30,Thu
Astro Bar,1,2019-05-30,Thu
,3,2019-05-29,Wed
Golden Gate,3,2019-05-29,Wed
Cassiopeia,2,2019-05-29,Wed
Ritter Butzke,2,2019-05-29,Wed
Acud Macht NEU,2,2019-05-29,Wed
Insomnia,2,2019-05-29,Wed
Der Weiße Hase,1,2019-05-29,Wed
The Reed,1,2019-05-29,Wed
Musikbrauerei,1,2019-05-29,Wed
Zur Klappe,1,2019-05-29,Wed
Panke,1,2019-05-29,Wed
Loophole,1,2019-05-29,Wed
Astro Bar,1,2019-05-29,Wed
,,2019-05-31,Fri
,,2019-05-31,Fri
Ritter Butzke,188,2019-05-31,Fri
[ipsə],167,2019-05-31,Fri
Diskothek Melancholie 2,164,2019-05-31,Fri
Griessmuehle,151,2019-05-31,Fri
Suicide Circus,130,2019-05-31,Fri
://about blank,127,2019-05-31,Fri
Tresor,92,2019-05-31,Fri
,84,2019-05-31,Fri
Beate Uwe,84,2019-05-31,Fri
Birgit,78,2019-05-31,Fri
Prince Charles,69,2019-05-31,Fri
Salon Zur Wilden Renate,59,2019-05-31,Fri
Kater Blau,41,2019-05-31,Fri
OHM,38,2019-05-31,Fri
M-Bia,36,2019-05-31,Fri
Mensch Meier,34,2019-05-31,Fri
Berghain | Panorama Bar | Säule,33,2019-05-31,Fri
Void Club,23,2019-05-31,Fri
Klunkerkranich,22,2019-05-31,Fri
Club der Visionaere,22,2019-05-31,Fri
Polygon Club,20,2019-05-31,Fri
Roter Salon,19,2019-05-31,Fri
Promenaden Eck,18,2019-05-31,Fri
AVA Club,16,2019-05-31,Fri
Watergate,15,2019-05-31,Fri
Minimal Bar,15,2019-05-31,Fri
Golden Gate,15,2019-05-31,Fri
Lido Berlin,13,2019-05-31,Fri
Paloma,10,2019-05-31,Fri
Crack Bellmer,10,2019-05-31,Fri
Radio The Label Bar,10,2019-05-31,Fri
Acud Macht NEU,9,2019-05-31,Fri
,,2019-06-01,Sat
,,2019-06-01,Sat
Berghain | Panorama Bar | Säule,216,2019-06-01,Sat
Ritter Butzke,199,2019-06-01,Sat
Humboldthain Club,9,2019-05-31,Fri
Süss War Gestern,8,2019-05-31,Fri
Zur Klappe,7,2019-05-31,Fri
Repeat,7,2019-05-31,Fri
Acud Macht NEU,5,2019-05-31,Fri
Fitzroy,4,2019-05-31,Fri
Bohnengold,4,2019-05-31,Fri
[ipsə],140,2019-06-01,Sat
Salon Zur Wilden Renate,135,2019-06-01,Sat
://about blank,125,2019-06-01,Sat
OHM,87,2019-06-01,Sat
Birgit,78,2019-06-01,Sat
Burg Schnabel,62,2019-06-01,Sat
Eschschloraque,4,2019-05-31,Fri
Yaam Berlin,3,2019-05-31,Fri
,3,2019-05-31,Fri
Sound Kitchen Emma Pea,3,2019-05-31,Fri
Loophole,3,2019-05-31,Fri
Madame Claude,3,2019-05-31,Fri
Sameheads,2,2019-05-31,Fri
Anita Berber,2,2019-05-31,Fri
Der Weiße Hase,53,2019-06-01,Sat
Watergate,52,2019-06-01,Sat
Kater Blau,47,2019-06-01,Sat
Griessmuehle,43,2019-06-01,Sat
Tresor,39,2019-06-01,Sat
M-Bia,36,2019-06-01,Sat
Mensch Meier,34,2019-06-01,Sat
Suicide Circus,34,2019-06-01,Sat
Badehaus Berlin,26,2019-06-01,Sat
Club der Visionaere,21,2019-06-01,Sat
Insomnia,1,2019-05-31,Fri
Solar,1,2019-05-31,Fri
Soda Club,1,2019-05-31,Fri
Maxim Gorki Theater,1,2019-05-31,Fri
arkaoda Berlin,1,2019-05-31,Fri
Astro Bar,1,2019-05-31,Fri
Panke,1,2019-05-31,Fri
House of Gin,1,2019-05-31,Fri
,,2019-05-31,Fri
,,2019-05-31,Fri
Humboldthain Club,20,2019-06-01,Sat
Paloma,20,2019-06-01,Sat
://about blank,18,2019-06-01,Sat
Festsaal Kreuzberg,17,2019-06-01,Sat
AVA Club,15,2019-06-01,Sat
Minimal Bar,13,2019-06-01,Sat
Void Club,13,2019-06-01,Sat
Zur Klappe,13,2019-06-01,Sat
Crack Bellmer,12,2019-06-01,Sat
Beate Uwe,7,2019-06-01,Sat
Golden Gate,5,2019-06-01,Sat
Repeat,5,2019-06-01,Sat
KitKatClub,5,2019-06-01,Sat
,4,2019-06-01,Sat
,4,2019-06-01,Sat
,3,2019-06-01,Sat
Maze,3,2019-06-01,Sat
Monarch,3,2019-06-01,Sat
,,2019-06-03,Mon
,,2019-06-03,Mon
KitKatClub,28,2019-06-03,Mon
Der Weiße Hase,21,2019-06-03,Mon
[ipsə],19,2019-06-03,Mon
Tresor,19,2019-06-03,Mon
Crack Bellmer,15,2019-06-03,Mon
Süss War Gestern,3,2019-06-01,Sat
Acud Macht NEU,3,2019-06-01,Sat
Promenaden Eck,3,2019-06-01,Sat
,2,2019-06-01,Sat
Eschschloraque,2,2019-06-01,Sat
Sameheads,2,2019-06-01,Sat
Maze,2,2019-06-01,Sat
Anita Berber,2,2019-06-01,Sat
arkaoda Berlin,2,2019-06-01,Sat
Club der Visionaere,12,2019-06-03,Mon
Minimal Bar,11,2019-06-03,Mon
HAU Hebbel am Ufer,5,2019-06-03,Mon
Maze,3,2019-06-03,Mon
Süss War Gestern,2,2019-06-03,Mon
House of Gin,1,2019-06-01,Sat
,1,2019-06-01,Sat
Maxim Gorki Theater,1,2019-06-01,Sat
Soda Club,1,2019-06-01,Sat
Solar,1,2019-06-01,Sat
Cassiopeia,1,2019-06-01,Sat
Loophole,1,2019-06-01,Sat
Astro Bar,1,2019-06-01,Sat
Festsaal Kreuzberg,1,2019-06-01,Sat
Klunkerkranich,1,2019-06-01,Sat
,1,2019-06-01,Sat
Diskothek Melancholie 2,70,2019-06-01,Sat
,,2019-06-04,Tue
,,2019-06-04,Tue
Suicide Circus,111,2019-06-04,Tue
Crack Bellmer,34,2019-06-04,Tue
Mein Haus Am See,33,2019-06-04,Tue
Minimal Bar,30,2019-06-04,Tue
Süss War Gestern,30,2019-06-04,Tue
Griessmuehle,29,2019-06-04,Tue
Club der Visionaere,18,2019-06-04,Tue
HAU Hebbel am Ufer,5,2019-06-04,Tue
Staatsoper Berlin,3,2019-06-04,Tue
Cassiopeia,2,2019-06-04,Tue
Void Club,2,2019-06-04,Tue
arkaoda Berlin,1,2019-06-04,Tue
Griessmuehle,1,2019-06-04,Tue
,,2019-06-02,Sun
,,2019-06-02,Sun
Else,348,2019-06-02,Sun
Berghain | Panorama Bar | Säule,216,2019-06-02,Sun
://about blank,124,2019-06-02,Sun
Suicide Circus,50,2019-06-02,Sun
Kater Blau,47,2019-06-02,Sun
Griessmuehle,43,2019-06-02,Sun
Club der Visionaere,18,2019-06-02,Sun
KitKatClub,14,2019-06-02,Sun
AVA Club,14,2019-06-02,Sun
Minimal Bar,11,2019-06-02,Sun
Ritter Butzke,4,2019-06-02,Sun
,3,2019-06-02,Sun
Michelberger Hotel,3,2019-06-02,Sun
Maze,3,2019-06-02,Sun
arkaoda Berlin,2,2019-06-02,Sun
Cassiopeia,1,2019-06-02,Sun
Beate Uwe,1,2019-06-02,Sun
Eschschloraque,,2019-06-02,Sun
,,2019-06-08,Sat
,,2019-06-08,Sat
Insel Lindwerder,1517,2019-06-08,Sat
Alte Münze,606,2019-06-08,Sat
[ipsə],423,2019-06-08,Sat
Griessmuehle,270,2019-06-08,Sat
Berghain | Panorama Bar | Säule,168,2019-06-08,Sat
Birgit,164,2019-06-08,Sat
Griessmuehle,144,2019-06-08,Sat
Anomalie Art Club,93,2019-06-08,Sat
Mensch Meier,89,2019-06-08,Sat
Trauma Bar und Kino,62,2019-06-08,Sat
Salon Zur Wilden Renate,59,2019-06-08,Sat
Kater Blau,50,2019-06-08,Sat
AVA Club,50,2019-06-08,Sat
Suicide Circus,46,2019-06-08,Sat
Ritter Butzke,46,2019-06-08,Sat
OHM,44,2019-06-08,Sat
Tresor,40,2019-06-08,Sat
,,2019-06-09,Sun
,,2019-06-09,Sun
Else,554,2019-06-09,Sun
://about blank,39,2019-06-08,Sat
Kantine am Berghain,29,2019-06-08,Sat
Void Club,26,2019-06-08,Sat
Watergate,24,2019-06-08,Sat
,21,2019-06-08,Sat
Osthafen,21,2019-06-08,Sat
Minimal Bar,17,2019-06-08,Sat
Loophole,15,2019-06-08,Sat
Diskothek Melancholie 2,15,2019-06-08,Sat
,13,2019-06-08,Sat
Griessmuehle,270,2019-06-09,Sun
Sage Beach Berlin,217,2019-06-09,Sun
Griessmuehle,195,2019-06-09,Sun
Berghain | Panorama Bar | Säule,168,2019-06-09,Sun
Birgit,113,2019-06-09,Sun
Burg Schnabel,107,2019-06-09,Sun
Volkspark Hasenheide,96,2019-06-09,Sun
Mensch Meier,89,2019-06-09,Sun
Tresor,76,2019-06-09,Sun
Polygon Club,65,2019-06-09,Sun
Sameheads,12,2019-06-08,Sat
Crack Bellmer,12,2019-06-08,Sat
Festsaal Kreuzberg,9,2019-06-08,Sat
arkaoda Berlin,8,2019-06-08,Sat
Paloma,7,2019-06-08,Sat
Anita Berber,7,2019-06-08,Sat
Golden Gate,6,2019-06-08,Sat
Club der Visionaere,5,2019-06-08,Sat
AVA Club,51,2019-06-09,Sun
Kater Blau,50,2019-06-09,Sun
://about blank,37,2019-06-09,Sun
,33,2019-06-09,Sun
Suicide Circus,30,2019-06-09,Sun
Watergate,26,2019-06-09,Sun
Osthafen,21,2019-06-09,Sun
Void Club,13,2019-06-09,Sun
KitKatClub,12,2019-06-09,Sun
Minimal Bar,11,2019-06-09,Sun
Club der Visionaere,11,2019-06-09,Sun
Zur Klappe,5,2019-06-08,Sat
Beate Uwe,4,2019-06-08,Sat
KitKatClub,4,2019-06-08,Sat
Acud Macht NEU,4,2019-06-08,Sat
Badehaus Berlin,3,2019-06-08,Sat
Repeat,3,2019-06-08,Sat
Halle,2,2019-06-08,Sat
,2,2019-06-08,Sat
Cassiopeia,2,2019-06-08,Sat
Crack Bellmer,10,2019-06-09,Sun
Haubentaucher,9,2019-06-09,Sun
Lauschangriff,9,2019-06-09,Sun
Zur Klappe,8,2019-06-09,Sun
Paloma,4,2019-06-09,Sun
Badehaus Berlin,3,2019-06-09,Sun
Ritter Butzke,3,2019-06-09,Sun
Golden Gate,3,2019-06-09,Sun
KitKatClub,3,2019-06-09,Sun
Cassiopeia,1,2019-06-09,Sun
Maze,1,2019-06-09,Sun
Soda Club,1,2019-06-08,Sat
Maze,1,2019-06-08,Sat
Solar,1,2019-06-08,Sat
Insomnia,1,2019-06-08,Sat
,1,2019-06-08,Sat
Life Berlin,1,2019-06-08,Sat
Süss War Gestern,1,2019-06-08,Sat
Astro Bar,1,2019-06-08,Sat
Süss War Gestern,1,2019-06-09,Sun
Astro Bar,1,2019-06-09,Sun
Motif Wein,1,2019-06-08,Sat
Acud Macht NEU,1,2019-06-08,Sat
House of Gin,,2019-06-08,Sat
Eschschloraque,,2019-06-08,Sat
Bar Bobu,,2019-06-08,Sat
Volkspark Hasenheide,,2019-06-08,Sat
,,2019-06-06,Thu
,,2019-06-06,Thu
Griessmuehle,72,2019-06-06,Thu
://about blank,72,2019-06-06,Thu
Kater Blau,58,2019-06-06,Thu
OHM,49,2019-06-06,Thu
Klunkerkranich,40,2019-06-06,Thu
Berghain | Panorama Bar | Säule,36,2019-06-06,Thu
Zur Klappe,32,2019-06-06,Thu
Paloma,26,2019-06-06,Thu
Club der Visionaere,20,2019-06-06,Thu
Polygon Club,20,2019-06-06,Thu
Zu Mir Oder Zu Dir,19,2019-06-06,Thu
Watergate,17,2019-06-06,Thu
Minimal Bar,16,2019-06-06,Thu
Golden Gate,15,2019-06-06,Thu
Else,14,2019-06-06,Thu
Void Club,9,2019-06-06,Thu
Der Weiße Hase,8,2019-06-06,Thu
AVA Club,4,2019-06-06,Thu
Crack Bellmer,4,2019-06-06,Thu
,4,2019-06-06,Thu
arkaoda Berlin,3,2019-06-06,Thu
Staatsoper Berlin,3,2019-06-06,Thu
Süss War Gestern,3,2019-06-06,Thu
Michelberger Hotel,2,2019-06-06,Thu
Halle,2,2019-06-06,Thu
Monarch,2,2019-06-06,Thu
Maze,2,2019-06-06,Thu
Eschschloraque,1,2019-06-06,Thu
Solar,1,2019-06-06,Thu
Birgit,1,2019-06-06,Thu
,,2019-06-10,Mon
,,2019-06-10,Mon
Griessmuehle,195,2019-06-10,Mon
Polygon Club,65,2019-06-10,Mon
Kater Blau,50,2019-06-10,Mon
KitKatClub,38,2019-06-10,Mon
[ipsə],36,2019-06-10,Mon
Tresor,23,2019-06-10,Mon
Der Weiße Hase,22,2019-06-10,Mon
Club der Visionaere,13,2019-06-10,Mon
KitKatClub,12,2019-06-10,Mon
Crack Bellmer,12,2019-06-10,Mon
Minimal Bar,11,2019-06-10,Mon
Festsaal Kreuzberg,4,2019-06-10,Mon
Süss War Gestern,3,2019-06-10,Mon
Maze,1,2019-06-10,Mon
Avanti,1,2019-06-10,Mon
,,2019-06-05,Wed
,,2019-06-05,Wed
://about blank,87,2019-06-05,Wed
Suicide Circus,76,2019-06-05,Wed
Griessmuehle,68,2019-06-05,Wed
AVA Club,37,2019-06-05,Wed
Club der Visionaere,35,2019-06-05,Wed
Watergate,32,2019-06-05,Wed
Tresor,25,2019-06-05,Wed
MONOM,24,2019-06-05,Wed
Süss War Gestern,19,2019-06-05,Wed
Paloma,18,2019-06-05,Wed
Liquidrom,15,2019-06-05,Wed
Crack Bellmer,11,2019-06-05,Wed
Minimal Bar,9,2019-06-05,Wed
KitKatClub,9,2019-06-05,Wed
Loophole,3,2019-06-05,Wed
Michelberger Hotel,2,2019-06-05,Wed
Cassiopeia,1,2019-06-05,Wed
,,2019-06-07,Fri
,,2019-06-07,Fri
Ritter Butzke,349,2019-06-07,Fri
Griessmuehle,144,2019-06-07,Fri
Birgit,136,2019-06-07,Fri
://about blank,97,2019-06-07,Fri
Loftus Hall,90,2019-06-07,Fri
Salon Zur Wilden Renate,89,2019-06-07,Fri
Hoppetosse,76,2019-06-07,Fri
Berghain | Panorama Bar | Säule,68,2019-06-07,Fri
Trauma Bar und Kino,68,2019-06-07,Fri
Suicide Circus,66,2019-06-07,Fri
Klosterruine Berlin,55,2019-06-07,Fri
Fitzroy,54,2019-06-07,Fri
Säälchen,49,2019-06-07,Fri
Tresor,49,2019-06-07,Fri
Crack Bellmer,44,2019-06-07,Fri
Zur Klappe,39,2019-06-07,Fri
Watergate,33,2019-06-07,Fri
OHM,32,2019-06-07,Fri
,32,2019-06-07,Fri
Kater Blau,29,2019-06-07,Fri
Void Club,19,2019-06-07,Fri
Minimal Bar,16,2019-06-07,Fri
Sage Beach Berlin,15,2019-06-07,Fri
Der Weiße Hase,14,2019-06-07,Fri
Polygon Club,14,2019-06-07,Fri
Mensch Meier,14,2019-06-07,Fri
Kulturhaus Kili,12,2019-06-07,Fri
AVA Club,11,2019-06-07,Fri
Paloma,10,2019-06-07,Fri
arkaoda Berlin,8,2019-06-07,Fri
Sound Kitchen Emma Pea,6,2019-06-07,Fri
Club der Visionaere,6,2019-06-07,Fri
Gretchen,5,2019-06-07,Fri
It's a Bar,5,2019-06-07,Fri
,4,2019-06-07,Fri
Repeat,4,2019-06-07,Fri
Sameheads,4,2019-06-07,Fri
Golden Gate,3,2019-06-07,Fri
Paloma,3,2019-06-07,Fri
Wildenbruch Bar,3,2019-06-07,Fri
Halle,2,2019-06-07,Fri
Diskothek Melancholie 2,2,2019-06-07,Fri
Beate Uwe,2,2019-06-07,Fri
Süss War Gestern,2,2019-06-07,Fri
Soda Club,1,2019-06-07,Fri
Solar,1,2019-06-07,Fri
Loophole,1,2019-06-07,Fri
Astro Bar,1,2019-06-07,Fri
Toast Hawaii,1,2019-06-07,Fri
Bohnengold,1,2019-06-07,Fri
House of Gin,,2019-06-07,Fri
Insomnia,,2019-06-07,Fri
Eschschloraque,,2019-06-07,Fri
